DATE,VALUE
1/12/09,2976.17
1/13/09,2948.09
1/14/09,2856.88
1/15/09,2876.05
1/16/09,2895.41
1/19/09,2895.41
1/20/09,2775.04
1/21/09,2857.44
1/22/09,2830.25
1/23/09,2805.81
1/26/09,2829.37
1/27/09,2856.59
1/28/09,2927.47
1/29/09,2858.6
1/30/09,2798.52
2/2/09,2776.47
2/3/09,2839.01
2/4/09,2814.37
2/5/09,2853.37
2/6/09,2935.88
2/9/09,2927.73
2/10/09,2800.19
2/11/09,2798.48
2/12/09,2787.05
2/13/09,2762.98
2/16/09,2762.98
2/17/09,2640.76
2/18/09,2621.72
2/19/09,2594.54
2/20/09,2560.4
2/23/09,2472.74
2/24/09,2567.67
2/25/09,2515.46
2/26/09,2471.41
2/27/09,2434.72
3/2/09,2319.3
3/3/09,2285.85
3/4/09,2349.29
3/5/09,2238.15
3/6/09,2232.45
3/9/09,2195.3
3/10/09,2314.25
3/11/09,2322.87
3/12/09,2391.52
3/13/09,2407.17
3/16/09,2444.57
3/17/09,2505.96
3/18/09,2547.64
3/19/09,2538.86
3/20/09,2482.4
3/23/09,2643.27
3/24/09,2596.61
3/25/09,2608.51
3/26/09,2703.78
3/27/09,2644.28
3/30/09,2555.28
3/31/09,2587.24
4/1/09,2627.64
4/2/09,2729.7
4/3/09,2749.52
4/6/09,2720.1
4/7/09,2651.61
4/8/09,2678.12
4/9/09,2762.79
4/10/09,2762.79
4/13/09,2741.22
4/14/09,2705.29
4/15/09,2740.76
4/16/09,2780.6
4/17/09,2792.57
4/20/09,2689.77
4/21/09,2740.39
4/22/09,2732.13
4/23/09,2757.4
4/24/09,2784.4
4/27/09,2741.6
4/28/09,2743.98
4/29/09,2807.58
4/30/09,2814.3
5/1/09,2839.18
5/4/09,2940.46
5/5/09,2927.26
5/6/09,2959.65
5/7/09,2918.81
5/8/09,2967.18
5/11/09,2900.46
5/12/09,2894.53
5/13/09,2805.9
5/14/09,2821.49
5/15/09,2799.84
5/18/09,2865.91
5/19/09,2869.48
5/20/09,2850.83
5/21/09,2790.07
5/22/09,2787.89
5/25/09,2787.89
5/26/09,2869.51
5/27/09,2804.71
5/28/09,2843.58
5/29/09,2898.62
6/1/09,2996.02
6/2/09,2996.49
6/3/09,2952.57
6/4/09,2984.6
6/5/09,2989.33
6/8/09,2983.19
6/9/09,2993.23
6/10/09,2998.28
6/11/09,3018.5
6/12/09,3021.46
6/15/09,2938.01
6/16/09,2908.19
6/17/09,2903.18
6/18/09,2932.41
6/19/09,2927.78
6/22/09,2853.69
6/23/09,2848.62
6/24/09,2861.83
6/25/09,2937.37
6/26/09,2927.99
6/29/09,2949.5
6/30/09,2925.48
7/1/09,2953.32
7/2/09,2864.62
7/3/09,2864.62
7/6/09,2879.54
7/7/09,2812.05
7/8/09,2812.83
7/9/09,2820.76
7/10/09,2821.22
7/13/09,2872.3
7/14/09,2891.96
7/15/09,2965.01
7/16/09,3003.85
7/17/09,3001.6
7/20/09,3044.66
7/21/09,3056.29
7/22/09,3055.15
7/23/09,3132.48
7/24/09,3152.91
7/27/09,3164.06
7/28/09,3136.42
7/29/09,3125.28
7/30/09,3163.84
7/31/09,3162.45
8/3/09,3212.97
8/4/09,3215.59
8/5/09,3195.04
8/6/09,3180.87
8/7/09,3244.38
8/10/09,3230.86
8/11/09,3209.35
8/12/09,3245.36
8/13/09,3257.6
8/14/09,3227.54
8/17/09,3151.72
8/18/09,3183.19
8/19/09,3200.51
8/20/09,3224.03
8/21/09,3289.05
8/24/09,3285.61
8/25/09,3293.86
8/26/09,3279.92
8/27/09,3282.82
8/28/09,3278.08
8/31/09,3248.86
9/1/09,3199.14
9/2/09,3185.02
9/3/09,3219.94
9/4/09,3257.75
9/7/09,3257.75
9/8/09,3270.34
9/9/09,3289.27
9/10/09,3327.84
9/11/09,3341.81
9/14/09,3363.07
9/15/09,3381.02
9/16/09,3409.15
9/17/09,3394.08
9/18/09,3402.99
9/21/09,3386.26
9/22/09,3400.08
9/23/09,3369.42
9/24/09,3345.75
9/25/09,3321.47
9/28/09,3360.75
9/29/09,3345.14
9/30/09,3327.87
10/1/09,3257.44
10/2/09,3243.84
10/5/09,3287.91
10/6/09,3321.93
10/7/09,3320.37
10/8/09,3355.04
10/9/09,3374.42
10/12/09,3389.6
10/13/09,3379.32
10/14/09,3446.04
10/15/09,3456.87
10/16/09,3443.84
10/19/09,3474.06
10/20/09,3457.4
10/21/09,3414.98
10/22/09,3440.83
10/23/09,3375.48
10/26/09,3341.04
10/27/09,3321.81
10/28/09,3276.89
10/29/09,3335.07
10/30/09,3256.05
11/2/09,3265.48
11/3/09,3310.21
11/4/09,3305.01
11/5/09,3370.81
11/6/09,3384.39
11/9/09,3448.59
11/10/09,3452.67
11/11/09,3476.91
11/12/09,3438.53
11/13/09,3462.12
11/16/09,3516.4
11/17/09,3520.52
11/18/09,3510.76
11/19/09,3467.14
11/20/09,3463.76
11/23/09,3505.2
11/24/09,3496.04
11/25/09,3513.42
11/26/09,3513.42
11/27/09,3462.87
11/30/09,3478.72
12/1/09,3526.35
12/2/09,3542.24
12/3/09,3523.52
12/4/09,3546.55
12/7/09,3540.43
12/8/09,3518.76
12/9/09,3532.63
12/10/09,3556.94
12/11/09,3584.52
12/14/09,3611.06
12/15/09,3600.07
12/16/09,3597.47
12/17/09,3557.4
12/18/09,3564.16
12/21/09,3590.87
12/22/09,3595.18
12/23/09,3599.97
12/24/09,3614.82
12/25/09,3614.82
12/28/09,3614.28
12/29/09,3619.61
12/30/09,3618.1
12/31/09,3566.68
1/1/10,3566.68
1/4/10,3604.74
1/5/10,3606.76
1/6/10,3605.36
1/7/10,3605.3
1/8/10,3629.42
1/11/10,3654.97
1/12/10,3629.37
1/13/10,3650.34
1/14/10,3653.3
1/15/10,3619.97
1/18/10,3619.97
1/19/10,3655.45
1/20/10,3612.87
1/21/10,3550.67
1/22/10,3473.85
1/25/10,3486.92
1/26/10,3486.05
1/27/10,3495.06
1/28/10,3442.07
1/29/10,3417.09
2/1/10,3460.1
2/2/10,3493
2/3/10,3467.82
2/4/10,3371.64
2/5/10,3373.67
2/8/10,3341.39
2/9/10,3394.38
2/10/10,3383.83
2/11/10,3419.87
2/12/10,3405.8
2/15/10,3405.8
2/16/10,3468.06
2/17/10,3475.62
2/18/10,3493.51
2/19/10,3516.98
2/22/10,3516.12
2/23/10,3486.83
2/24/10,3511.36
2/25/10,3502.96
2/26/10,3504.68
3/1/10,3535.61
3/2/10,3534.04
3/3/10,3531.4
3/4/10,3544.05
3/5/10,3581.64
3/8/10,3582.53
3/9/10,3596.24
3/10/10,3605.04
3/11/10,3621.4
3/12/10,3621.57
3/15/10,3629.56
3/16/10,3654.74
3/17/10,3666.52
3/18/10,3682.34
3/19/10,3663.13
3/22/10,3668.88
3/23/10,3697.27
3/24/10,3669.89
3/25/10,3660.28
3/26/10,3665.21
3/29/10,3689.09
3/30/10,3692.48
3/31/10,3679.02
4/1/10,3703.27
4/2/10,3703.27
4/5/10,3720.52
4/6/10,3728.52
4/7/10,3700.82
4/8/10,3718.37
4/9/10,3747.43
4/12/10,3754.26
4/13/10,3757.54
4/14/10,3802.23
4/15/10,3825.09
4/16/10,3775.84
4/19/10,3780.57
4/20/10,3804.37
4/21/10,3809.53
4/22/10,3820.87
4/23/10,3850.67
4/26/10,3849.23
4/27/10,3770.17
4/28/10,3791.9
4/29/10,3840.19
4/30/10,3794.61
5/3/10,3861.78
5/4/10,3762.89
5/5/10,3731.74
5/6/10,3615.85
5/7/10,3560.6
5/10/10,3710.39
5/11/10,3711.17
5/12/10,3765.93
5/13/10,3721.15
5/14/10,3665.66
5/17/10,3664.01
5/18/10,3622.04
5/19/10,3591.88
5/20/10,3451.67
5/21/10,3497.53
5/24/10,3458.7
5/25/10,3450.32
5/26/10,3447.09
5/27/10,3543.79
5/28/10,3509.4
5/31/10,3509.4
6/1/10,3449.84
6/2/10,3535.64
6/3/10,3547.12
6/4/10,3416.79
6/7/10,3370.47
6/8/10,3413.34
6/9/10,3402.36
6/10/10,3512.09
6/11/10,3530.08
6/14/10,3534.55
6/15/10,3617.29
6/16/10,3610.13
6/17/10,3622.14
6/18/10,3627.74
6/21/10,3621.01
6/22/10,3537.2
6/23/10,3531.5
6/24/10,3487.98
6/25/10,3495.99
6/28/10,3490.53
6/29/10,3387.59
6/30/10,3357.54
7/1/10,3351.4
7/2/10,3320.72
7/5/10,3320.72
7/6/10,3331.6
7/7/10,3438.43
7/8/10,3481.25
7/9/10,3506.09
7/12/10,3512.71
7/13/10,3561.33
7/14/10,3570.81
7/15/10,3568.43
7/16/10,3477.18
7/19/10,3499.08
7/20/10,3535.86
7/21/10,3492.48
7/22/10,3578.43
7/23/10,3613.19
7/26/10,3662.39
7/27/10,3661.41
7/28/10,3649.66
7/29/10,3632.97
7/30/10,3631.61
8/2/10,3703.45
8/3/10,3679.03
8/4/10,3702.95
8/5/10,3698.32
8/6/10,3687.86
8/9/10,3712.73
8/10/10,3690.07
8/11/10,3581.07
8/12/10,3561.42
8/13/10,3551.67
8/16/10,3552.01
8/17/10,3600.38
8/18/10,3602.93
8/19/10,3542.86
8/20/10,3533.8
8/23/10,3518.51
8/24/10,3477.16
8/25/10,3480.02
8/26/10,3463.8
8/27/10,3528.06
8/30/10,3475.57
8/31/10,3482.29
9/1/10,3582.02
9/2/10,3604.71
9/3/10,3643.45
9/6/10,3643.45
9/7/10,3609.25
9/8/10,3629.33
9/9/10,3636.13
9/10/10,3641.37
9/13/10,3669.75
9/14/10,3665.92
9/15/10,3675.17
9/16/10,3665.58
9/17/10,3669.4
9/20/10,3715.95
9/21/10,3722.95
9/22/10,3711.93
9/23/10,3671.08
9/24/10,3749.96
9/27/10,3740.79
9/28/10,3755.26
9/29/10,3751.61
9/30/10,3735.8
10/1/10,3743.72
10/4/10,3713.5
10/5/10,3785.53
10/6/10,3789.05
10/7/10,3784.9
10/8/10,3810.93
10/11/10,3812.37
10/12/10,3807.72
10/13/10,3855.4
10/14/10,3847.82
10/15/10,3841.33
10/18/10,3867.45
10/19/10,3817.3
10/20/10,3871.53
10/21/10,3872.48
10/22/10,3869.7
10/25/10,3877.49
10/26/10,3878.07
10/27/10,3857.42
10/28/10,3856.4
10/29/10,3863.64
11/1/10,3860.11
11/2/10,3895.14
11/3/10,3907.96
11/4/10,3970.63
11/5/10,3972
11/8/10,3960.68
11/9/10,3927.85
11/10/10,3928.18
11/11/10,3917.75
11/12/10,3883.44
11/15/10,3889.83
11/16/10,3832.53
11/17/10,3831.63
11/18/10,3886.63
11/19/10,3896.52
11/22/10,3888.89
11/23/10,3835.94
11/24/10,3898.21
11/25/10,3898.21
11/26/10,3868.66
11/29/10,3863.49
11/30/10,3845.26
12/1/10,3926.99
12/2/10,3964.9
12/3/10,3978.42
12/6/10,3967.58
12/7/10,3966.42
12/8/10,3961.37
12/9/10,3973.79
12/10/10,3988.22
12/13/10,3984.24
12/14/10,3990.05
12/15/10,3976.08
12/16/10,4006.64
12/17/10,3998.47
12/20/10,3997.26
12/21/10,4019.67
12/22/10,4028.69
12/23/10,4026.91
12/24/10,4026.91
12/27/10,4027.89
12/28/10,4032.11
12/29/10,4035
12/30/10,4031.82
12/31/10,4033.19
1/3/11,4069.44
1/4/11,4067.64
1/5/11,4073.25
1/6/11,4066.4
1/7/11,4072.97
1/10/11,4069.58
1/11/11,4068.16
1/12/11,4097.47
1/13/11,4098.55
1/14/11,4110.9
1/17/11,4110.9
1/18/11,4119.96
1/19/11,4094.27
1/20/11,4086.03
1/21/11,4085.65
1/24/11,4116.69
1/25/11,4108.02
1/26/11,4121.24
1/27/11,4130.78
1/28/11,4057.02
1/31/11,4077.47
2/1/11,4136.17
2/2/11,4109.46
2/3/11,4120.97
2/4/11,4123.98
2/7/11,4145.02
2/8/11,4161.38
2/9/11,4164.96
2/10/11,4181.93
2/11/11,4204.73
2/14/11,4193.42
2/15/11,4190.73
2/16/11,4212.61
2/17/11,4224.58
2/18/11,4237.17
2/21/11,4237.17
2/22/11,4153.86
2/23/11,4106.64
2/24/11,4103.55
2/25/11,4131.84
2/28/11,4163.23
3/1/11,4094.49
3/2/11,4103.52
3/3/11,4174.32
3/4/11,4141.85
3/7/11,4118.19
3/8/11,4178.87
3/9/11,4186.61
3/10/11,4121.9
3/11/11,4144.67
3/14/11,4107.3
3/15/11,4061.12
3/16/11,3988.05
3/17/11,4036.23
3/18/11,4063.38
3/21/11,4133.01
3/22/11,4113.59
3/23/11,4124.43
3/24/11,4159.75
3/25/11,4179.39
3/28/11,4177.16
3/29/11,4205.62
3/30/11,4230.36
3/31/11,4228.42
4/1/11,4260.67
4/4/11,4265.89
4/5/11,4253.78
4/6/11,4265.37
4/7/11,4252.52
4/8/11,4224.17
4/11/11,4213.02
4/12/11,4194.31
4/13/11,4196.94
4/14/11,4207.96
4/15/11,4233.84
4/18/11,4184.54
4/19/11,4202.88
4/20/11,4250.45
4/21/11,4268.9
4/22/11,4268.9
4/25/11,4266.84
4/26/11,4319.06
4/27/11,4352.92
4/28/11,4386.24
4/29/11,4397.05
5/2/11,4393.86
5/3/11,4392.8
5/4/11,4354.6
5/5/11,4339.28
5/6/11,4356.71
5/9/11,4366.93
5/10/11,4405.13
5/11/11,4362.54
5/12/11,4379.29
5/13/11,4339.48
5/16/11,4327.58
5/17/11,4312.54
5/18/11,4346.37
5/19/11,4369.58
5/20/11,4345.18
5/23/11,4296.09
5/24/11,4312.54
5/25/11,4299.77
5/26/11,4303.11
5/27/11,4311.93
5/30/11,4311.93
5/31/11,4354.84
6/1/11,4250.48
6/2/11,4247.23
6/3/11,4202.52
6/6/11,4170.48
6/7/11,4166.95
6/8/11,4149.85
6/9/11,4175.98
6/10/11,4121.63
6/13/11,4125.81
6/14/11,4175.19
6/15/11,4117.49
6/16/11,4135.26
6/17/11,4160.12
6/20/11,4188.27
6/21/11,4232.91
6/22/11,4211.03
6/23/11,4196.66
6/24/11,4155.56
6/27/11,4191.54
6/28/11,4239.1
6/29/11,4261.73
6/30/11,4309.56
7/1/11,4379.48
7/4/11,4379.48
7/5/11,4360.8
7/6/11,4388.1
7/7/11,4420.67
7/8/11,4389.27
7/11/11,4328.43
7/12/11,4305.95
7/13/11,4320.08
7/14/11,4291.35
7/15/11,4299.89
7/18/11,4261.34
7/19/11,4320.64
7/20/11,4321.41
7/21/11,4382.12
7/22/11,4369.59
7/25/11,4351.59
7/26/11,4315.13
7/27/11,4245.35
7/28/11,4227.4
7/29/11,4199.24
8/1/11,4187.03
8/2/11,4081.27
8/3/11,4092
8/4/11,3912.81
8/5/11,3926.8
8/8/11,3691.36
8/9/11,3840.24
8/10/11,3688.37
8/11/11,3838.57
8/12/11,3871.72
8/15/11,3951.15
8/16/11,3912.62
8/17/11,3915.26
8/18/11,3759.43
8/19/11,3703.7
8/22/11,3708.8
8/23/11,3815.01
8/24/11,3870.18
8/25/11,3807.16
8/26/11,3857.87
8/29/11,3956.82
8/30/11,3976.68
8/31/11,3986.75
9/1/11,3944.41
9/2/11,3851.48
9/5/11,3851.48
9/6/11,3851.48
9/7/11,3907.33
9/8/11,3872.42
9/9/11,3776.08
9/12/11,3793.23
9/13/11,3840.02
9/14/11,3894.29
9/15/11,3952.82
9/16/11,3974.3
9/19/11,3933.07
9/20/11,3928.88
9/21/11,3807.18
9/22/11,3690.22
9/23/11,3720.28
9/26/11,3799.4
9/27/11,3843.55
9/28/11,3773.08
9/29/11,3831.84
9/30/11,3742.6
10/3/11,3642.71
10/4/11,3709.87
10/5/11,3761.08
10/6/11,3830.3
10/7/11,3814.05
10/10/11,3930.16
10/11/11,3926.68
10/12/11,3957.78
10/13/11,3942.45
10/14/11,4004.6
10/17/11,3927.17
10/18/11,3999.81
10/19/11,3972.37
10/20/11,4001.3
10/21/11,4087.67
10/24/11,4124.27
10/25/11,4050.2
10/26/11,4088.93
10/27/11,4218.8
10/28/11,4213.77
10/31/11,4128.75
11/1/11,4029.85
11/2/11,4088.97
11/3/11,4160.02
11/4/11,4140.34
11/7/11,4159.29
11/8/11,4194.59
11/9/11,4060.05
11/10/11,4100.01
11/11/11,4190.2
11/14/11,4158.17
11/15/11,4173.36
11/16/11,4104.17
11/17/11,4057.9
11/18/11,4073.35
11/21/11,3991.55
11/22/11,3959.18
11/23/11,3877.91
11/24/11,3877.91
11/25/11,3869.46
11/28/11,3971.14
11/29/11,3992.18
11/30/11,4155.81
12/1/11,4141.02
12/2/11,4142.79
12/5/11,4182.2
12/6/11,4183.54
12/7/11,4190.69
12/8/11,4113.77
12/9/11,4180.55
12/12/11,4131.67
12/13/11,4103.81
12/14/11,4055.53
12/15/11,4092.63
12/16/11,4109.47
12/19/11,4056.53
12/20/11,4173.86
12/21/11,4193.66
12/22/11,4217.72
12/23/11,4251.33
12/26/11,4251.33
12/27/11,4257.3
12/28/11,4206.51
12/29/11,4254.4
12/30/11,4232.17
1/2/12,4232.17
1/3/12,4261.02
1/4/12,4264.59
1/5/12,4262.6
1/6/12,4247.54
1/9/12,4263.48
1/10/12,4295.26
1/11/12,4296.09
1/12/12,4303.18
1/13/12,4284.95
1/16/12,4284.95
1/17/12,4295.27
1/18/12,4325.16
1/19/12,4346.64
1/20/12,4360.91
1/23/12,4350.89
1/24/12,4330.24
1/25/12,4376.07
1/26/12,4378.19
1/27/12,4365.17
1/30/12,4355.88
1/31/12,4355.24
2/1/12,4379.74
2/2/12,4366.61
2/3/12,4413.2
2/6/12,4399.07
2/7/12,4405.84
2/8/12,4401.38
2/9/12,4402.72
2/10/12,4371.97
2/13/12,4400.36
2/14/12,4393.13
2/15/12,4345.07
2/16/12,4396.4
2/17/12,4398.67
2/20/12,4398.67
2/21/12,4381.88
2/22/12,4367.62
2/23/12,4382.36
2/24/12,4380.76
2/27/12,4387.52
2/28/12,4387.49
2/29/12,4375.69
3/1/12,4398.14
3/2/12,4385.74
3/5/12,4375.75
3/6/12,4316.15
3/7/12,4336.23
3/8/12,4368.73
3/9/12,4378.19
3/12/12,4388.88
3/13/12,4457.78
3/14/12,4431.66
3/15/12,4484.18
3/16/12,4479.18
3/19/12,4479.23
3/20/12,4452.11
3/21/12,4453.15
3/22/12,4412.08
3/23/12,4417.58
3/26/12,4469.87
3/27/12,4462.4
3/28/12,4438.09
3/29/12,4444.34
3/30/12,4460.53
4/2/12,4486.64
4/3/12,4472.38
4/4/12,4445.15
4/5/12,4440.21
4/6/12,4440.21
4/9/12,4390.18
4/10/12,4314.68
4/11/12,4344.24
4/12/12,4408.94
4/13/12,4369.37
4/16/12,4398.62
4/17/12,4456.96
4/18/12,4438.74
4/19/12,4405.39
4/20/12,4425.77
4/23/12,4391.77
4/24/12,4425.37
4/25/12,4457.79
4/26/12,4470.22
4/27/12,4484.79
4/30/12,4474.87
5/1/12,4504.52
5/2/12,4509.42
5/3/12,4481.15
5/4/12,4437.86
5/7/12,4436.03
5/8/12,4419.34
5/9/12,4382.79
5/10/12,4388.29
5/11/12,4384.07
5/14/12,4348.44
5/15/12,4334.67
5/16/12,4325.9
5/17/12,4252.52
5/18/12,4223.64
5/21/12,4282.25
5/22/12,4286.96
5/23/12,4295.8
5/24/12,4314.67
5/25/12,4294.82
5/28/12,4294.82
5/29/12,4335.6
5/30/12,4273.66
5/31/12,4283.57
6/1/12,4187.57
6/4/12,4171.31
6/5/12,4184.06
6/6/12,4281.92
6/7/12,4294.57
6/8/12,4327.4
6/11/12,4281.07
6/12/12,4323.15
6/13/12,4301.47
6/14/12,4347.89
6/15/12,4380.98
6/18/12,4402.62
6/19/12,4432.71
6/20/12,4415.52
6/21/12,4334.74
6/22/12,4337.45
6/25/12,4285.33
6/26/12,4298.15
6/27/12,4330.22
6/28/12,4336.07
6/29/12,4427.42
7/2/12,4430.61
7/3/12,4448.02
7/5/12,4437.74
7/6/12,4399.78
7/9/12,4387.37
7/10/12,4358.54
7/11/12,4351.39
7/12/12,4339.69
7/13/12,4412.13
7/16/12,4391.13
7/17/12,4398.26
7/18/12,4426.8
7/19/12,4445.25
7/20/12,4398.86
7/23/12,4360.26
7/24/12,4320.16
7/25/12,4324.85
7/26/12,4395.78
7/27/12,4466.59
7/30/12,4466.66
7/31/12,4442.24
8/1/12,4405.1
8/2/12,4381.51
8/3/12,4454.76
8/6/12,4454.45
8/7/12,4456.76
8/8/12,4452.29
8/9/12,4444.99
8/10/12,4458.84
8/13/12,4447.66
8/14/12,4453.83
8/15/12,4462.91
8/16/12,4481.39
8/17/12,4490.62
8/20/12,4489.18
8/21/12,4472.28
8/22/12,4459.23
8/23/12,4416.82
8/24/12,4439.83
8/27/12,4425.06
8/28/12,4417.16
8/29/12,4411.2
8/30/12,4374.35
8/31/12,4393.46
9/4/12,4384.89
9/5/12,4368.99
9/6/12,4446.19
9/7/12,4454.17
9/10/12,4449.94
9/11/12,4468.19
9/12/12,4475.96
9/13/12,4533.15
9/14/12,4540.19
9/17/12,4509.72
9/18/12,4495.18
9/19/12,4504.02
9/20/12,4478.15
9/21/12,4463.5
9/24/12,4479.46
9/25/12,4448.47
9/26/12,4440.97
9/27/12,4458.56
9/28/12,4441.7
10/1/12,4454.37
10/2/12,4453.92
10/3/12,4475.05
10/4/12,4505.46
10/5/12,4516.89
10/8/12,4515.45
10/9/12,4480.6
10/10/12,4456.8
10/11/12,4452.57
10/12/12,4457.86
10/15/12,4485.17
10/16/12,4524.49
10/17/12,4542.45
10/18/12,4545.62
10/19/12,4484.53
10/22/12,4477.07
10/23/12,4435.76
10/24/12,4400.69
10/25/12,4415.82
10/26/12,4419.94
10/31/12,4432.92
11/1/12,4465.78
11/2/12,4421.3
11/5/12,4414.9
11/6/12,4457.9
11/7/12,4359.96
11/8/12,4324.4
11/9/12,4310.59
11/12/12,4313.15
11/13/12,4305.09
11/14/12,4232.56
11/15/12,4218.46
11/16/12,4229.97
11/19/12,4291.4
11/20/12,4287.54
11/21/12,4296.45
11/23/12,4339.65
11/26/12,4349.82
11/27/12,4332.78
11/28/12,4363.71
11/29/12,4381.8
11/30/12,4383.48
12/3/12,4353.04
12/4/12,4348.89
12/5/12,4386.38
12/6/12,4389.98
12/7/12,4407.68
12/10/12,4423.78
12/11/12,4440.27
12/12/12,4434.82
12/13/12,4420
12/14/12,4414.19
12/17/12,4452.7
12/18/12,4501.41
12/19/12,4480.69
12/20/12,4504.01
12/21/12,4473.98
12/24/12,4456.6
12/26/12,4437.27
12/27/12,4426.72
12/28/12,4380.03
12/31/12,4442.07
1/2/13,4543.51
1/3/13,4548.47
1/4/13,4577.6
1/7/13,4554.09
1/8/13,4537.41
1/9/13,4558.9
1/10/13,4583.23
1/11/13,4586.4
1/14/13,4595.27
1/15/13,4611.96
1/16/13,4605.32
1/17/13,4631.7
1/18/13,4652.32
1/22/13,4685.03
1/23/13,4695.26
1/24/13,4730.83
1/25/13,4752.02
1/28/13,4749.48
1/29/13,4768.55
1/30/13,4738.6
1/31/13,4736.53
2/1/13,4776.95
2/4/13,4739.23
2/5/13,4774.72
2/6/13,4774.8
2/7/13,4772.85
2/8/13,4787.31
2/11/13,4783.6
2/12/13,4794.71
2/13/13,4792.04
2/14/13,4786.7
2/15/13,4790.31
2/19/13,4826.33
2/20/13,4780.38
2/21/13,4755.19
2/22/13,4802.93
2/25/13,4722.9
2/26/13,4747.3
2/27/13,4829.17
2/28/13,4829.21
3/1/13,4835.06
3/4/13,4864.53
3/5/13,4914.02
3/6/13,4915.01
3/7/13,4911.2
3/8/13,4941.37
3/11/13,4955.13
3/12/13,4947.31
3/13/13,4976.54
3/14/13,5006.58
3/15/13,5006.13
3/18/13,4984.71
3/19/13,4986.07
3/20/13,4997.41
3/21/13,4953.39
3/22/13,4986.48
3/25/13,4962.78
3/26/13,5002.07
3/27/13,5001.9
3/28/13,5036.94
4/1/13,5011.37
4/2/13,5011.22
4/3/13,4968.36
4/4/13,4987.32
4/5/13,4991.83
4/8/13,5020.11
4/9/13,5024.38
4/10/13,5081.08
4/11/13,5090.13
4/12/13,5086.54
4/15/13,4969
4/16/13,5040.21
4/17/13,4987.86
4/18/13,4974.94
4/19/13,5011.79
4/22/13,5019.31
4/23/13,5053.81
4/24/13,5058.94
4/25/13,5065.16
4/26/13,5068.37
4/29/13,5103.15
4/30/13,5115.72
5/1/13,5046.44
5/2/13,5081.99
5/3/13,5135.14
5/6/13,5140.81
5/7/13,5188.9
5/8/13,5189.77
5/9/13,5154.29
5/10/13,5171.51
5/13/13,5153.04
5/14/13,5209.41
5/15/13,5239.72
5/16/13,5211.34
5/17/13,5261.6
5/20/13,5245.16
5/21/13,5257.8
5/22/13,5203.69
5/23/13,5199.5
5/24/13,5183.05
5/28/13,5190.1
5/29/13,5141.07
5/30/13,5148.15
5/31/13,5093.15
6/3/13,5118.08
6/4/13,5094.43
6/5/13,5019.02
6/6/13,5058.53
6/7/13,5138.33
6/10/13,5130.62
6/11/13,5088.39
6/12/13,5047.89
6/13/13,5121.6
6/14/13,5095.64
6/17/13,5116.38
6/18/13,5161.42
6/19/13,5085.79
6/20/13,4963.61
6/21/13,4974.12
6/24/13,4918.16
6/25/13,4973.13
6/26/13,5023.15
6/27/13,5055.98
6/28/13,5034.66
7/1/13,5051.71
7/2/13,5037.91
7/3/13,5041.63
7/5/13,5087.3
7/8/13,5116.33
7/9/13,5170.52
7/10/13,5160.52
7/11/13,5224.21
7/12/13,5219.58
7/15/13,5244.85
7/16/13,5223.17
7/17/13,5237.34
7/18/13,5285.65
7/19/13,5285.46
7/22/13,5283.84
7/23/13,5274.32
7/24/13,5237.63
7/25/13,5242.28
7/26/13,5256.65
7/29/13,5234.91
7/30/13,5242.37
7/31/13,5242.64
8/1/13,5326.15
8/2/13,5325.88
8/5/13,5297.99
8/6/13,5256.31
8/7/13,5239.98
8/8/13,5260.25
8/9/13,5232.34
8/12/13,5229.1
8/13/13,5219.52
8/14/13,5179.53
8/15/13,5112.63
8/16/13,5107.16
8/19/13,5075.29
8/20/13,5095.23
8/21/13,5057.76
8/22/13,5106.38
8/23/13,5123.13
8/26/13,5105.1
8/27/13,5033.63
8/28/13,5043.38
8/29/13,5044.88
8/30/13,5021.61
9/3/13,5022.09
9/4/13,5055.43
9/5/13,5062.68
9/6/13,5063.42
9/9/13,5114.42
9/10/13,5174.8
9/11/13,5189.98
9/12/13,5164.88
9/13/13,5187.53
9/16/13,5227.55
9/17/13,5239.68
9/18/13,5316.99
9/19/13,5312.38
9/20/13,5257.85
9/23/13,5247.62
9/24/13,5234.89
9/25/13,5207.41
9/26/13,5222.06
9/27/13,5194.48
9/30/13,5166.61
10/1/13,5201.78
10/2/13,5185.22
10/3/13,5133.74
10/4/13,5158.1
10/7/13,5112.4
10/8/13,5066.13
10/9/13,5077.77
10/10/13,5184.49
10/11/13,5217.36
10/14/13,5226.49
10/15/13,5188.1
10/16/13,5256.82
10/17/13,5270.24
10/18/13,5296.64
10/21/13,5300.33
10/22/13,5338.83
10/23/13,5338.72
10/24/13,5369.79
10/25/13,5386.72
10/28/13,5389.75
10/29/13,5416.25
10/30/13,5389.61
10/31/13,5363.46
11/1/13,5400.98
11/4/13,5425.31
11/5/13,5406.57
11/6/13,5430.45
11/7/13,5370.96
11/8/13,5418.53
11/11/13,5429.22
11/12/13,5427.68
11/13/13,5453.04
11/14/13,5475.02
11/15/13,5507.74
11/18/13,5504.83
11/19/13,5480.05
11/20/13,5451.33
11/21/13,5490.49
11/22/13,5505.92
11/25/13,5509.25
11/26/13,5500.63
11/27/13,5511.41
11/29/13,5504.91
12/2/13,5490.97
12/3/13,5461.78
12/4/13,5452.61
12/5/13,5431.92
12/6/13,5489.44
12/9/13,5492.15
12/10/13,5461.33
12/11/13,5403.85
12/12/13,5385.03
12/13/13,5392.69
12/16/13,5437.34
12/17/13,5428.88
12/18/13,5513.74
12/19/13,5510.54
12/20/13,5543.18
12/23/13,5561.79
12/24/13,5583.18
12/26/13,5609.07
12/27/13,5607.52
12/30/13,5614.47
12/31/13,5641.55
1/2/14,5577.7
1/3/14,5589.68
1/6/14,5561.51
1/7/14,5600.5
1/8/14,5588.92
1/9/14,5606.38
1/10/14,5634.96
1/13/14,5570.28
1/14/14,5614.16
1/15/14,5644.74
1/16/14,5627.07
1/17/14,5628.47
1/21/14,5638.54
1/22/14,5647.64
1/23/14,5617.39
1/24/14,5478.29
1/27/14,5458.51
1/28/14,5497.69
1/29/14,5440.47
1/30/14,5499.24
1/31/14,5473.96
2/3/14,5351
2/4/14,5378.8
2/5/14,5360.49
2/6/14,5426.68
2/7/14,5477.71
2/10/14,5467.86
2/11/14,5531.52
2/12/14,5526.14
2/13/14,5551.57
2/14/14,5586.74
2/18/14,5566.36
2/19/14,5525.02
2/20/14,5576.24
2/21/14,5583.84
2/24/14,5608.6
2/25/14,5590.26
2/26/14,5584.66
2/27/14,5605.74
2/28/14,5626.95
3/3/14,5579.82
3/4/14,5667.36
3/5/14,5659.9
3/6/14,5683.7
3/7/14,5699.58
3/10/14,5687.58
3/11/14,5666.36
3/12/14,5678.73
3/13/14,5616.63
3/14/14,5612.39
3/17/14,5667.85
3/18/14,5691.91
3/19/14,5650.79
3/20/14,5670.08
3/21/14,5665.64
3/24/14,5661.4
3/25/14,5690.4
3/26/14,5640.42
3/27/14,5641.75
3/28/14,5663.74
3/31/14,5725.85
4/1/14,5750.74
4/2/14,5768.03
4/3/14,5768.29
4/4/14,5715.44
4/7/14,5657.13
4/8/14,5673.48
4/9/14,5733.98
4/10/14,5642.76
4/11/14,5599
4/14/14,5641.76
4/15/14,5684.52
4/16/14,5750.39
4/17/14,5747.56
4/21/14,5766.66
4/22/14,5790.17
4/23/14,5789.94
4/24/14,5787.34
4/25/14,5741.78
4/28/14,5762.85
4/29/14,5784.48
4/30/14,5806.31
5/1/14,5815.86
5/2/14,5783.37
5/5/14,5788.28
5/6/14,5754.14
5/7/14,5800.84
5/8/14,5797.68
5/9/14,5794.52
5/12/14,5841.15
5/13/14,5855.31
5/14/14,5823.8
5/15/14,5777.04
5/16/14,5802.54
5/19/14,5807.02
5/20/14,5765.72
5/21/14,5807.69
5/22/14,5825.74
5/23/14,5850.15
5/27/14,5876.63
5/28/14,5885.86
5/29/14,5906.86
5/30/14,5915.81
6/2/14,5931.54
6/3/14,5914.97
6/4/14,5917.97
6/5/14,5957.42
6/6/14,5987.46
6/9/14,5985
6/10/14,5980.73
6/11/14,5936.22
6/12/14,5883.84
6/13/14,5909.89
6/16/14,5923.24
6/17/14,5937.47
6/18/14,6001.19
6/19/14,6015.23
6/20/14,6018.25
6/23/14,6005.45
6/24/14,5967.98
6/25/14,5998.48
6/26/14,5992.55
6/27/14,6002.03
6/30/14,6009.94
7/1/14,6039.47
7/2/14,6019.42
7/3/14,6040.89
7/7/14,6016.95
7/8/14,5997.78
7/9/14,6022.35
7/10/14,6009.72
7/11/14,6016.35
7/14/14,6040.31
7/15/14,6052.58
7/16/14,6083.47
7/17/14,6017.39
7/18/14,6074.18
7/21/14,6059.01
7/22/14,6090.66
7/23/14,6088.21
7/24/14,6090.38
7/25/14,6051.16
7/28/14,6047.29
7/29/14,6000.39
7/30/14,5990.22
7/31/14,5883.76
8/1/14,5867.92
8/4/14,5885.39
8/5/14,5827.84
8/6/14,5810.12
8/7/14,5799.57
8/8/14,5877.29
8/11/14,5890.44
8/12/14,5887.84
8/13/14,5919
8/14/14,5950.2
8/15/14,5945.06
8/18/14,6008.4
8/19/14,6037.21
8/20/14,6060.78
8/21/14,6067.07
8/22/14,6057.43
8/25/14,6082.57
8/26/14,6072.15
8/27/14,6084.07
8/28/14,6075.95
8/29/14,6087.39
9/2/14,6095.38
9/3/14,6098.05
9/4/14,6106.51
9/5/14,6142.01
9/8/14,6123.93
9/9/14,6081.26
9/10/14,6089.4
9/11/14,6101.02
9/12/14,6070.92
9/15/14,6075.78
9/16/14,6117.34
9/17/14,6137.17
9/18/14,6157.19
9/19/14,6157.96
9/22/14,6104.53
9/23/14,6064.26
9/24/14,6104.92
9/25/14,6021.47
9/26/14,6078.79
9/29/14,6078.04
9/30/14,6063.44
10/1/14,5975.85
10/2/14,5987.19
10/3/14,6070.36
10/6/14,6046.19
10/7/14,5946.78
10/8/14,6038.77
10/9/14,5915.68
10/10/14,5865.23
10/13/14,5782.97
10/14/14,5832.89
10/15/14,5789.79
10/16/14,5804.01
10/17/14,5887.62
10/20/14,5921.66
10/21/14,6021.62
10/22/14,5960.62
10/23/14,6041.55
10/24/14,6095.23
10/27/14,6107.73
10/28/14,6180.51
10/29/14,6160.01
10/30/14,6206.66
10/31/14,6272.19
11/3/14,6276.88
11/4/14,6279.47
11/5/14,6328.19
11/6/14,6346.99
11/7/14,6359.3
11/10/14,6398.31
11/11/14,6393.26
11/12/14,6379.41
11/13/14,6375.42
11/14/14,6366.43
11/17/14,6371.37
11/18/14,6387.65
11/19/14,6381.31
11/20/14,6394.41
11/21/14,6424.85
11/24/14,6433.23
11/25/14,6438.91
11/26/14,6445.26
11/28/14,6456.16
12/1/14,6395.22
12/2/14,6445.15
12/3/14,6463.72
12/4/14,6457.75
12/5/14,6467.36
12/8/14,6430.14
12/9/14,6414.57
12/10/14,6322.83
12/11/14,6359.93
12/12/14,6268.57
12/15/14,6244.76
12/16/14,6195.94
12/17/14,6286.73
12/18/14,6418.25
12/19/14,6430.82
12/22/14,6484.43
12/23/14,6515.18
12/24/14,6540.17
12/26/14,6560.91
12/29/14,6574.59
12/30/14,6536.66
12/31/14,6473.6
1/2/15,6472.89
1/5/15,6344.01
1/6/15,6289.84
1/7/15,6355.22
1/8/15,6467.29
1/9/15,6406.87
1/12/15,6374.4
1/13/15,6363.38
1/14/15,6321.86
1/15/15,6300.17
1/16/15,6371.08
1/20/15,6393.54
1/21/15,6419.6
1/22/15,6518.86
1/23/15,6460.32
1/26/15,6474.26
1/27/15,6395.85
1/28/15,6319.13
1/29/15,6389.56
1/30/15,6272.52
2/2/15,6341.4
2/3/15,6431.74
2/4/15,6416.84
2/5/15,6485
2/6/15,6423.07
2/9/15,6375.15
2/10/15,6440.14
2/11/15,6418.97
2/12/15,6452
2/13/15,6449.8
2/17/15,6456.91
2/18/15,6483.17
2/19/15,6462.3
2/20/15,6504.49
2/23/15,6509.09
2/24/15,6541.23
2/25/15,6518.65
2/26/15,6498.48
2/27/15,6470.81
3/2/15,6499.75
3/3/15,6480.23
3/4/15,6445.35
3/5/15,6457.25
3/6/15,6351.36
3/9/15,6384.55
3/10/15,6289.71
3/11/15,6300.18
3/12/15,6393.37
3/13/15,6342.81
3/16/15,6436.08
3/17/15,6406.24
3/18/15,6483.84
3/19/15,6450.92
3/20/15,6497.52
3/23/15,6457.59
3/24/15,6412.4
3/25/15,6305.24
3/26/15,6277.94
3/27/15,6295.78
3/30/15,6378.85
3/31/15,6328.12
4/1/15,6299.74
4/2/15,6301.28
4/6/15,6329.06
4/7/15,6326.22
4/8/15,6341.16
4/9/15,6356.06
4/10/15,6395.91
4/13/15,6355.64
4/14/15,6370.66
4/15/15,6388.86
4/16/15,6382.15
4/17/15,6311.32
4/20/15,6397.27
4/21/15,6375.58
4/22/15,6405.84
4/23/15,6425.56
4/24/15,6435.22
4/27/15,6398.45
4/28/15,6420.77
4/29/15,6381.1
4/30/15,6308.13
5/1/15,6380.42
5/4/15,6399.27
5/5/15,6317.95
5/6/15,6298.72
5/7/15,6339.22
5/8/15,6408.77
5/11/15,6383.42
5/12/15,6349.98
5/13/15,6319.79
5/14/15,6376.45
5/15/15,6409.46
5/18/15,6430.36
5/19/15,6420.48
5/20/15,6380.21
5/21/15,6390.28
5/22/15,6363.22
5/26/15,6291.61
5/27/15,6338.4
5/28/15,6317.43
5/29/15,6279.18
6/1/15,6306.81
6/2/15,6290.76
6/3/15,6310.39
6/4/15,6259.78
6/5/15,6251.71
6/8/15,6194.28
6/9/15,6186.41
6/10/15,6248.04
6/11/15,6280.67
6/12/15,6237.34
6/15/15,6205.66
6/16/15,6225.11
6/17/15,6234.09
6/18/15,6310.91
6/19/15,6274.68
6/22/15,6308.24
6/23/15,6296.9
6/24/15,6220.21
6/25/15,6184.25
6/26/15,6200.16
6/29/15,6092.42
6/30/15,6096.22
7/1/15,6131.17
7/2/15,6142.21
7/6/15,6126.46
7/7/15,6189.27
7/8/15,6096.09
7/9/15,6102.93
7/10/15,6181.4
7/13/15,6242.74
7/14/15,6255.21
7/15/15,6246.56
7/16/15,6277.22
7/17/15,6272.32
7/20/15,6264.59
7/21/15,6233.11
7/22/15,6219.36
7/23/15,6145.23
7/24/15,6102.52
7/27/15,6088.13
7/28/15,6176.37
7/29/15,6233.79
7/30/15,6238.57
7/31/15,6229.98
8/3/15,6223.73
8/4/15,6202.81
8/5/15,6205.56
8/6/15,6170.23
8/7/15,6148.45
8/10/15,6217.1
8/11/15,6167.77
8/12/15,6173.95
8/13/15,6173.75
8/14/15,6206.26
8/17/15,6236.5
8/18/15,6223.62
8/19/15,6183.06
8/20/15,6062
8/21/15,5900.13
8/24/15,5685.1
8/25/15,5590.97
8/26/15,5773.88
8/27/15,5897.69
8/28/15,5901.85
8/31/15,5848.87
9/1/15,5695.99
9/2/15,5794.33
9/3/15,5805.05
9/4/15,5721.46
9/7/15,5721.46
9/8/15,5863.75
9/9/15,5792.68
9/10/15,5821.8
9/11/15,5853.98
9/14/15,5836.99
9/15/15,5917.83
9/16/15,5959.95
9/17/15,5966.64
9/18/15,5866.85
9/21/15,5909.56
9/22/15,5819.24
9/23/15,5804.41
9/24/15,5779.16
9/25/15,5825.39
9/28/15,5718.35
9/29/15,5733.05
9/30/15,5812.93
10/1/15,5808.61
10/2/15,5869.27
10/5/15,5981.21
10/6/15,5957.99
10/7/15,6002.17
10/8/15,6065.06
10/9/15,6080.73
10/12/15,6100.37
10/13/15,6048.99
10/14/15,6020.92
10/15/15,6103.28
10/16/15,6091.45
10/19/15,6102.03
10/20/15,6112.82
10/21/15,6093.03
10/22/15,6193.21
10/23/15,6218.13
10/26/15,6206.73
10/27/15,6149.11
10/28/15,6176.47
10/29/15,6178.29
10/30/15,6162.46
11/2/15,6219.52
11/3/15,6230.55
11/4/15,6212.7
11/5/15,6209.79
11/6/15,6195.39
11/9/15,6157.83
11/10/15,6169.59
11/11/15,6160.11
11/12/15,6075.56
11/13/15,6022.37
11/16/15,6091.47
11/17/15,6077.93
11/18/15,6161.21
11/19/15,6188.21
11/20/15,6215.59
11/23/15,6184.69
11/24/15,6173.17
11/25/15,6168.41
11/26/15,6168.41
11/27/15,6178.76
11/30/15,6139.09
12/1/15,6201.03
12/2/15,6114.12
12/3/15,6026.84
12/4/15,6129.41
12/7/15,6094.24
12/8/15,6013.81
12/9/15,5990.4
12/10/15,6000.86
12/11/15,5906.39
12/14/15,5923.63
12/15/15,5975.73
12/16/15,6073.95
12/17/15,5992.51
12/18/15,5872.92
12/21/15,5907.24
12/22/15,5971.91
12/23/15,6040.23
12/24/15,6033.13
12/25/15,6033.13
12/28/15,6018.63
12/29/15,6072.07
12/30/15,6030.41
12/31/15,5978.34
1/1/16,5978.34
1/4/16,5978.34
1/5/16,5900.51
1/6/16,5818.89
1/7/16,5689.62
1/8/16,5648.66
1/11/16,5657.5
1/12/16,5689.59
1/13/16,5562.21
1/14/16,5637.5
1/15/16,5529.86
1/18/16,5529.86
1/19/16,5543.56
1/20/16,5466.87
1/21/16,5502.74
1/22/16,5580.42
1/25/16,5503.92
1/26/16,5601.67
1/27/16,5547.26
1/28/16,5575.97
1/29/16,5717.76
2/1/16,5736.46
2/2/16,5638.32
2/3/16,5702.59
2/4/16,5757.55
2/5/16,5697.23
2/8/16,5655.94
2/9/16,5675.57
2/10/16,5652.32
2/11/16,5561.05
2/12/16,5652.48
2/15/16,5652.48
2/16/16,5736.69
2/17/16,5807.81
2/18/16,5808.91
2/19/16,5798.1
2/22/16,5884.35
2/23/16,5828.69
2/24/16,5836.61
2/25/16,5907.6
2/26/16,5872.77
2/29/16,5838.59
3/1/16,5936.22
3/2/16,5954.16
3/3/16,5985.86
3/4/16,6021.06
3/7/16,6047.47
3/8/16,5991.3
3/9/16,6014.65
3/10/16,6011.31
3/11/16,6093.65
3/14/16,6096.97
3/15/16,6094.66
3/16/16,6137.73
3/17/16,6230.59
3/18/16,6271.41
3/21/16,6272.96
3/22/16,6247.69
3/23/16,6226.69
3/24/16,6224.82
3/25/16,6224.82
3/28/16,6209.09
3/29/16,6264.48
3/30/16,6280.86
3/31/16,6275.6
4/1/16,6288.32
4/4/16,6257.59
4/5/16,6202.24
4/6/16,6219.37
4/7/16,6164.13
4/8/16,6195.22
4/11/16,6178.88
4/12/16,6232.5
4/13/16,6305.11
4/14/16,6311.9
4/15/16,6313.99
4/18/16,6343.19
4/19/16,6376.92
4/20/16,6358.47
4/21/16,6288.35
4/22/16,6319.53
4/25/16,6297.09
4/26/16,6322.37
4/27/16,6351.07
4/28/16,6278.92
4/29/16,6253.29
5/2/16,6296.74
5/3/16,6249.15
5/4/16,6226.56
5/5/16,6202.52
5/6/16,6226.14
5/9/16,6225.1
5/10/16,6289.01
5/11/16,6223.91
5/12/16,6207.38
5/13/16,6146.06
5/16/16,6193.87
5/17/16,6148.49
5/18/16,6132.39
5/19/16,6114.64
5/20/16,6149.67
5/23/16,6130.66
5/24/16,6192.86
5/25/16,6230.24
5/26/16,6232.86
5/27/16,6254.02
5/30/16,6254.02
5/31/16,6248.34
6/1/16,6247.35
6/2/16,6254.11
6/3/16,6258.97
6/6/16,6288.03
6/7/16,6307.35
6/8/16,6338.84
6/9/16,6342.3
6/10/16,6291.66
6/13/16,6245.64
6/14/16,6216.69
6/15/16,6203.48
6/16/16,6225.37
6/17/16,6226.71
6/20/16,6263.05
6/21/16,6264.7
6/22/16,6239.65
6/23/16,6303.1
6/24/16,6113.47
6/27/16,6032.37
6/28/16,6123.45
6/29/16,6216.35
6/30/16,6303.44
7/1/16,6322.05
7/4/16,6322.05
7/5/16,6290.4
7/6/16,6307.05
7/7/16,6287.87
7/8/16,6390
7/11/16,6409.87
7/12/16,6452.57
7/13/16,6478.21
7/14/16,6516.3
7/15/16,6515.22
7/18/16,6517.68
7/19/16,6519.54
7/20/16,6520.65
7/21/16,6488.45
7/22/16,6538.85
7/25/16,6506.45
7/26/16,6511
7/27/16,6470.77
7/28/16,6471.6
7/29/16,6470.85
8/1/16,6457.69
8/2/16,6396.87
8/3/16,6411.81
8/4/16,6410.57
8/5/16,6463.18
8/8/16,6459.11
8/9/16,6453.43
8/10/16,6438.83
8/11/16,6472.74
8/12/16,6457.95
8/15/16,6461.24
8/16/16,6431.25
8/17/16,6460.17
8/18/16,6486.01
8/19/16,6465.16
8/22/16,6455.46
8/23/16,6460.21
8/24/16,6446.14
8/25/16,6428.56
8/26/16,6384.66
8/29/16,6422.05
8/30/16,6411.57
8/31/16,6397.14
9/1/16,6405.63
9/2/16,6440.07
9/5/16,6440.07
9/6/16,6462.8
9/7/16,6481.82
9/8/16,6480.56
9/9/16,6305.93
9/12/16,6393.84
9/13/16,6295.99
9/14/16,6290.68
9/15/16,6342.37
9/16/16,6328.11
9/19/16,6344.11
9/20/16,6344.88
9/21/16,6430.84
9/22/16,6463.19
9/23/16,6428.69
9/26/16,6388.53
9/27/16,6416.78
9/28/16,6440.08
9/29/16,6381
9/30/16,6424.87
10/3/16,6404
10/4/16,6358.83
10/5/16,6388.7
10/6/16,6385.53
10/7/16,6365.65
10/10/16,6408.52
10/11/16,6345.98
10/12/16,6352.85
10/13/16,6357.32
10/14/16,6356
10/17/16,6345.51
10/18/16,6369.15
10/19/16,6386.46
10/20/16,6370.93
10/21/16,6360.05
10/24/16,6385.82
10/25/16,6373.99
10/26/16,6371.57
10/27/16,6370.64
10/28/16,6373
10/31/16,6400.14
11/1/16,6349.12
11/2/16,6324.93
11/3/16,6327.63
11/4/16,6317.85
11/7/16,6463.41
11/8/16,6485.46
11/9/16,6511.82
11/10/16,6562.1
11/11/16,6570.65
11/14/16,6611.47
11/15/16,6649.54
11/16/16,6616.17
11/17/16,6631.09
11/18/16,6634.18
11/21/16,6671.81
11/22/16,6691.12
11/23/16,6712.75
11/24/16,6712.75
11/25/16,6751.33
11/28/16,6742.79
11/29/16,6747.96
11/30/16,6719.99
12/1/16,6735.24
12/2/16,6742.96
12/5/16,6761.97
12/6/16,6777.2
12/7/16,6897.95
12/8/16,6924.35
12/9/16,6957.4
12/12/16,6957.06
12/13/16,6996.05
12/14/16,6921.84
12/15/16,6949.23
12/16/16,6941.84
12/19/16,6966.97
12/20/16,7003.26
12/21/16,6975.48
12/22/16,6959.45
12/23/16,6969.58
12/26/16,6969.58
12/27/16,6973.93
12/28/16,6917.57
12/29/16,6928.08
12/30/16,6902.45
1/2/17,6902.45
1/3/17,6917.33
1/4/17,6952.31
1/5/17,6931.03
1/6/17,6957.8
1/9/17,6911.27
1/10/17,6917.4
1/11/17,6966.32
1/12/17,6946.14
1/13/17,6956.05
1/16/17,6956.05
1/17/17,6935.19
1/18/17,6938.34
1/19/17,6919.87
1/20/17,6952.23
1/23/17,6922.44
1/24/17,6977.43
1/25/17,7036.74
1/26/17,7054.22
1/27/17,7050.58
1/30/17,7002.3
1/31/17,6969.87
2/1/17,6949.15
2/2/17,6943.46
2/3/17,7009.44
2/6/17,7002.67
2/7/17,7008.72
2/8/17,7020.34
2/9/17,7052.93
2/10/17,7093.67
2/13/17,7142.4
2/14/17,7146.31
2/15/17,7186.12
2/16/17,7181.24
2/17/17,7188.65
2/20/17,7188.65
2/21/17,7232.41
2/22/17,7224.66
2/23/17,7218.45
2/24/17,7256.73
2/27/17,7265.36
2/28/17,7260.59
3/1/17,7344.46
3/2/17,7298.4
3/3/17,7305.88
3/6/17,7277.03
3/7/17,7247.9
3/8/17,7207.54
3/9/17,7190.86
3/10/17,7227.58
3/13/17,7218.06
3/14/17,7180.37
3/15/17,7243.59
3/16/17,7215.28
3/17/17,7209.75
3/20/17,7190.08
3/21/17,7122.79
3/22/17,7139.6
3/23/17,7124.44
3/24/17,7116.6
3/27/17,7103.24
3/28/17,7169.15
3/29/17,7150.48
3/30/17,7172.4
3/31/17,7155.82
4/3/17,7147.09
4/4/17,7161.79
4/5/17,7159.99
4/6/17,7169.26
4/7/17,7155.14
4/10/17,7173.79
4/11/17,7162.8
4/12/17,7124.03
4/13/17,7072.31
4/17/17,7138.17
4/18/17,7106.41
4/19/17,7086.42
4/20/17,7148.11
4/21/17,7151.86
4/24/17,7231.27
4/25/17,7267.92
4/26/17,7240.61
4/27/17,7251.56
4/28/17,7217.27
5/1/17,7198.05
5/2/17,7226.88
5/3/17,7216.96
5/4/17,7219.2
5/5/17,7248.01
5/8/17,7226.55
5/9/17,7217.1
5/10/17,7199.78
5/11/17,7187.55
5/12/17,7180.94
5/15/17,7215.54
5/16/17,7205.32
5/17/17,7074.06
5/18/17,7096.64
5/19/17,7141.62
5/22/17,7187.6
5/23/17,7207.98
5/24/17,7232.89
5/25/17,7286.01
5/26/17,7288.05
5/30/17,7279.68
5/31/17,7282.22
6/1/17,7342.31
6/2/17,7367.12
6/5/17,7351.81
6/6/17,7333.48
6/7/17,7358.47
6/8/17,7349.42
6/9/17,7365.95
6/12/17,7368.92
6/13/17,7403.42
6/14/17,7406.39
6/15/17,7416.49
6/16/17,7427.7
6/19/17,7464.2
6/20/17,7414.99
6/21/17,7393.41
6/22/17,7392.82
6/23/17,7403.67
6/26/17,7427.05
6/27/17,7378.58
6/28/17,7423.27
6/29/17,7373.06
6/30/17,7402.3
7/3/17,7437.98
7/5/17,7435.08
7/6/17,7388.43
7/7/17,7435.24
7/10/17,7428.48
7/11/17,7412.07
7/12/17,7468.48
7/13/17,7466.11
7/14/17,7497.81
7/17/17,7491.19
7/18/17,7469.15
7/19/17,7474.37
7/20/17,7457.13
7/21/17,7457.91
7/24/17,7424.75
7/25/17,7452.22
7/26/17,7481.23
7/27/17,7435.44
7/28/17,7450.83
7/31/17,7457.01
8/1/17,7467.02
8/2/17,7488.68
8/3/17,7500.22
8/4/17,7525.77
8/7/17,7535.14
8/8/17,7520.96
8/9/17,7509.73
8/10/17,7447.86
8/11/17,7460.86
8/14/17,7525.8
8/15/17,7537.46
8/16/17,7547.29
8/17/17,7436.53
8/18/17,7415.96
8/21/17,7432.5
8/22/17,7490.65
8/23/17,7450.06
8/24/17,7429.05
8/25/17,7464.85
8/28/17,7471.69
8/29/17,7497.37
8/30/17,7512.88
8/31/17,7525.81
9/1/17,7537.65
9/5/17,7476.16
9/6/17,7488.76
9/7/17,7501.28
9/8/17,7517.12
9/11/17,7602.33
9/12/17,7606.18
9/13/17,7605.09
9/14/17,7619.82
9/15/17,7642.37
9/18/17,7634.98
9/19/17,7637.54
9/20/17,7669.26
9/21/17,7660.75
9/22/17,7659.64
9/25/17,7661.33
9/26/17,7671.98
9/27/17,7680.56
9/28/17,7700.81
9/29/17,7711.12
10/2/17,7742.32
10/3/17,7769.81
10/4/17,7775.87
10/5/17,7795.08
10/6/17,7789.04
10/9/17,7782.87
10/10/17,7823.06
10/11/17,7846.84
10/12/17,7858.16
10/13/17,7829.01
10/16/17,7824.29
10/17/17,7834.41
10/18/17,7880.25
10/19/17,7892.29
10/20/17,7945.24
10/23/17,7928.1
10/24/17,7962.87
10/25/17,7900.82
10/26/17,7935.04
10/27/17,7960.86
10/30/17,7917.57
10/31/17,7914.68
11/1/17,7924.23
11/2/17,7942.13
11/3/17,7945.6
11/6/17,7935.29
11/7/17,7940.15
11/8/17,7933.5
11/9/17,7888.95
11/10/17,7873.52
11/13/17,7894.91
11/14/17,7897.85
11/15/17,7848.4
11/16/17,7912.71
11/17/17,7859.07
11/20/17,7877.92
11/21/17,7932.57
11/22/17,7922.28
11/24/17,7929.28
11/27/17,7934.05
11/28/17,8024.11
11/29/17,8117.11
11/30/17,8229.31
12/1/17,8196.75
12/4/17,8240.32
12/5/17,8168.36
12/6/17,8164.65
12/7/17,8210.89
12/8/17,8246.83
12/11/17,8259.15
12/12/17,8257.46
12/13/17,8283.5
12/14/17,8253.27
12/15/17,8299.85
12/18/17,8342.54
12/19/17,8318.12
12/20/17,8324.8
12/21/17,8319.37
12/22/17,8326.86
12/26/17,8318.08
12/27/17,8334.56
12/28/17,8344.51
12/29/17,8310.35
1/2/18,8360.91
1/3/18,8366.87
1/4/18,8393.62
1/5/18,8449.13
1/8/18,8477.39
1/9/18,8490.23
1/10/18,8476.36
1/11/18,8567.27
1/12/18,8619.67
1/16/18,8584.58
1/17/18,8661.3
1/18/18,8637.01
1/19/18,8654.82
1/22/18,8697.34
1/23/18,8705.44
1/24/18,8670.39
1/25/18,8675
1/26/18,8748.39
1/29/18,8698.19
1/30/18,8596.63
1/31/18,8624.77
2/1/18,8603.81
2/2/18,8416.29
2/5/18,8096.16
2/6/18,8226.93
2/7/18,8222.43
2/8/18,7918.7
2/9/18,7999.61
2/12/18,8124.88
2/13/18,8155.01
2/14/18,8212.88
2/15/18,8311.04
2/16/18,8312.01
2/20/18,8214.19
2/21/18,8174.68
2/22/18,8224.59
2/23/18,8354.04
2/26/18,8469.47
2/27/18,8338.24
2/28/18,8228.28
3/1/18,8135.78
3/2/18,8117.68
3/5/18,8206.39
3/6/18,8213.39
3/7/18,8183.38
3/8/18,8222.44
3/9/18,8371.5
3/12/18,8339.07
3/13/18,8320.97
3/14/18,8244.43
3/15/18,8269.99
3/16/18,8316.88
3/19/18,8234.61
3/20/18,8261.85
3/21/18,8239.51
3/22/18,8039.11
3/23/18,7899.6
3/26/18,8085.71
3/27/18,7993.26
3/28/18,7991.09
3/29/18,8092.53
4/2/18,7949.36
4/3/18,8072.44
4/4/18,8118.49
4/5/18,8189.09
4/6/18,8003.24
4/9/18,8007.48
4/10/18,8106.61
4/11/18,8054.73
4/12/18,8133.74
4/13/18,8119.73
4/16/18,8229.53
4/17/18,8280.21
4/18/18,8307.45
4/19/18,8268.69
4/20/18,8199.37
4/23/18,8206.17
4/24/18,8082.7
4/25/18,8117.01
4/26/18,8154.93
4/27/18,8193.09
4/30/18,8134.21
5/1/18,8111.14
5/2/18,8052.36
5/3/18,8042.09
5/4/18,8137.33
5/7/18,8147.02
5/8/18,8137.95
5/9/18,8178.2
5/10/18,8253.22
5/11/18,8297.16
5/14/18,8294.47
5/15/18,8236
5/16/18,8256.76
5/17/18,8245.74
5/18/18,8241.92
5/21/18,8337.96
5/22/18,8279.07
5/23/18,8296.11
5/24/18,8317.28
5/25/18,8323.08
5/29/18,8216.47
5/30/18,8319.06
5/31/18,8234.53
6/1/18,8290.68
6/4/18,8298.82
6/5/18,8278.17
6/6/18,8336.79
6/7/18,8361.96
6/8/18,8397.13
6/11/18,8411.81
6/12/18,8433.63
6/13/18,8390.05
6/14/18,8401.05
6/15/18,8407.16
6/18/18,8385.76
6/19/18,8301.96
6/20/18,8296.57
6/21/18,8252.38
6/22/18,8273.77
6/25/18,8174.29
6/26/18,8170.29
6/27/18,8114.68
6/28/18,8127.96
6/29/18,8146.05
7/2/18,8185.36
7/3/18,8145.07
7/5/18,8200.14
7/6/18,8239.5
7/9/18,8310.64
7/10/18,8342.81
7/11/18,8265.48
7/12/18,8319.66
7/13/18,8352.21
7/16/18,8335.6
7/17/18,8352
7/18/18,8413.79
7/19/18,8408
7/20/18,8395.83
7/23/18,8401.41
7/24/18,8408.85
7/25/18,8496.04
7/26/18,8551.69
7/27/18,8524.61
7/30/18,8483.8
7/31/18,8547.97
8/1/18,8501.06
8/2/18,8522.09
8/3/18,8569.12
8/6/18,8593.02
8/7/18,8625.97
8/8/18,8603.02
8/9/18,8585.47
8/10/18,8529.83
8/13/18,8491.92
8/14/18,8536.02
8/15/18,8520.47
8/16/18,8628.38
8/17/18,8662.89
8/20/18,8702.74
8/21/18,8722.38
8/22/18,8671.12
8/23/18,8642.22
8/24/18,8677.35
8/27/18,8748.99
8/28/18,8744.47
8/29/18,8764.51
8/30/18,8718.8
8/31/18,8707.55
9/4/18,8716.05
9/5/18,8749.51
9/6/18,8753.17
9/7/18,8719.62
9/10/18,8759.3
9/11/18,8774.09
9/12/18,8773.73
9/13/18,8803.01
9/14/18,8819.73
9/17/18,8784.01
9/18/18,8828.1
9/19/18,8833.13
9/20/18,8885.68
9/21/18,8909.81
9/24/18,8828.31
9/25/18,8787.45
9/26/18,8767.41
9/27/18,8790.47
9/28/18,8810.24
10/1/18,8849.79
10/2/18,8861.65
10/3/18,8871.98
10/4/18,8828.42
10/5/18,8792.59
10/9/18,8759.21
10/10/18,8495.34
10/11/18,8328.92
10/12/18,8405.11
10/15/18,8406.28
10/16/18,8568.52
10/17/18,8535.07
10/18/18,8413.1
10/19/18,8452.3
10/22/18,8419.82
10/23/18,8344
10/24/18,8181.6
10/25/18,8281.23
10/26/18,8175.23
10/29/18,8129.97
10/30/18,8278.31
10/31/18,8314.03
11/1/18,8396.08
11/2/18,8367.13
11/5/18,8419.85
11/6/18,8486.78
11/7/18,8656.47
11/8/18,8641.32
11/9/18,8561.83
11/13/18,8402.01
11/14/18,8349.16
11/15/18,8408.19
11/16/18,8449.46
11/19/18,8366.6
11/20/18,8181.95
11/21/18,8199.85
11/23/18,8167.4
11/26/18,8266.61
11/27/18,8305.13
11/28/18,8481.05
11/29/18,8455.23
11/30/18,8545.83
12/3/18,8619.47
12/4/18,8363.02
12/6/18,8343.42
12/7/18,8153.5
12/10/18,8147.31
12/11/18,8129.57
12/12/18,8155.06
12/13/18,8143.86
12/14/18,8010.05
12/17/18,7844.65
12/18/18,7862.88
12/19/18,7727.82
12/20/18,7616.5
12/21/18,7490.61
12/24/18,7261.5
12/26/18,7592.6
12/27/18,7666.84
12/28/18,7643.97
12/31/18,7710.44
1/2/19,7701.2
1/3/19,7504.21
1/4/19,7741.12
1/7/19,7763.19
1/8/19,7857.45
1/9/19,7897.68
1/10/19,7946.79